user_id,snr,code_rate,max_transmission_latency,acceptance_of_distortion,quantify_bits,decomposition_rank,experience_bitstream_length,available_bandwidth
1,15.9133490288757,0.833333333333333,7.41695603093709e-05,medium,1,2,610.0,1.85415031022481
2,29.934905939852,0.9,5.15475340268762e-05,high,1,2,610.0,1.32204848993831
3,10.6166083921735,0.75,0.00048450623171194,low,4,0,706.9108,0.53344800390336
4,17.4010265390099,0.9,0.000196976814429529,low,4,2,698.6195,0.678684866925788
5,8.97411397928376,0.666666666666667,0.000181351927036407,high,1,2,610.0,1.60011657456532
